Date,AAPL_Close,AMZN_Close,BABA_Close,IBM_Close,META_Close,TSLA_Close,TSM_Close,AAPL_LogReturn,AMZN_LogReturn,BABA_LogReturn,IBM_LogReturn,META_LogReturn,TSLA_LogReturn,TSM_LogReturn
2023-12-01,191.24000549316406,147.02999877929688,73.98999786376953,160.5500030517578,324.82000732421875,238.8300018310547,98.55000305175781,,,,,,,
2023-12-04,189.42999267578125,144.83999633789062,73.02999877929688,161.10000610351562,320.0199890136719,235.5800018310547,97.01000213623047,-0.009509688006157202,-0.01500697967354326,-0.01305962114865137,0.003419888525762279,-0.014887745784404428,-0.01370144313218934,-0.015749976571406202
2023-12-05,193.4199981689453,146.8800048828125,72.37999725341797,161.38999938964844,318.2900085449219,238.72000122070312,96.69000244140625,0.020844456346414825,0.013986300502114904,-0.008940318728029596,0.0017984641964576228,-0.005420515772025088,0.013240755825754019,-0.003304078248628516
2023-12-06,192.32000732421875,144.52000427246094,71.48999786376953,160.27999877929688,317.45001220703125,239.3699951171875,97.8499984741211,-0.00570329139174604,-0.016198024273178,-0.012372430291665673,-0.006901514114011213,-0.0026425796687167304,0.002719129460769398,0.011925668502735957
2023-12-07,194.27000427246094,146.8800048828125,72.33000183105469,160.22000122070312,326.5899963378906,242.63999938964844,99.29000091552734,0.010088276612733347,0.016198024273177868,0.011681456279244242,-0.0003743997459881343,0.028385186291011916,0.013568409275163597,0.014609192018219553
2023-12-08,195.7100067138672,147.4199981689453,72.13999938964844,161.9600067138672,332.75,243.83999633789062,100.3499984741211,0.00738503997898364,0.003669683224747049,-0.0026303391617366672,0.010801554211930443,0.018685906914352568,0.004933396614923965,0.010619189770534098
2023-12-11,193.17999267578125,145.88999938964844,71.37000274658203,163.50999450683594,325.2799987792969,239.74000549316406,100.94999694824219,-0.013011647184869976,-0.010432734440314026,-0.01073101554805885,0.009524684333395922,-0.02270511114796101,-0.016957231787828677,0.005961254491679194
2023-12-12,194.7100067138672,147.47999572753906,71.38999938964844,164.7100067138672,334.2200012207031,237.00999450683594,101.5999984741211,0.007888947771707804,0.010839635496016388,0.00028014349815014635,0.007312275605114008,0.027113116300370613,-0.011452714531076777,0.006418205597431657
2023-12-13,197.9600067138672,148.83999633789062,71.45999908447266,163.6199951171875,334.739990234375,239.2899932861328,102.12000274658203,0.016553717390059137,0.009179334477907091,0.0009800448186874449,-0.0066397563131718575,0.0015546194840991609,0.009573866272891631,0.005105099143027323
2023-12-14,198.11000061035156,147.4199981689453,72.51000213623047,162.91000366210938,333.1700134277344,251.0500030517578,103.44999694824219,0.0007574110681509634,-0.009586235533609468,0.014586673061167166,-0.004348712685739433,-0.004701171383982481,0.04797595720291628,0.012939755422802115
2023-12-15,197.57000732421875,149.97000122070312,74.51000213623047,162.22999572753906,334.9200134277344,253.5,102.54000091552734,-0.002729446070281669,0.01714963889276147,0.027208860391336596,-0.004182868470936422,0.005238826900846308,0.009711688394547188,-0.008835399407673458
2023-12-18,195.88999938964844,154.07000732421875,73.83999633789062,162.74000549316406,344.6199951171875,252.0800018310547,102.93000030517578,-0.008539714917303858,0.026971809898698733,-0.009032832636623725,0.0031388139362627816,0.028550609117673747,-0.0056173183184346845,0.0037961732193103385
2023-12-19,196.94000244140625,153.7899932861328,75.38999938964844,161.55999755859375,350.3599853515625,257.2200012207031,103.87000274658203,0.005345852136834865,-0.0018191003361762064,0.02077409152829029,-0.007277293438985152,0.01651880893894555,0.020185249870892544,0.00909099517886079
2023-12-20,194.8300018310547,152.1199951171875,73.3499984741211,160.0500030517578,349.2799987792969,247.13999938964844,100.04000091552734,-0.010771733360343535,-0.01091834083412718,-0.027432148341409637,-0.009390290100360042,-0.0030872661784920007,-0.0399767793773106,-0.03757002852118432
2023-12-21,194.67999267578125,153.83999633789062,76.26000213623047,160.77999877929688,354.0899963378906,254.5,102.55000305175781,-0.0007702455125948375,0.011243426514228085,0.03890609865560208,0.004550677824033501,0.013677218460053837,0.029345860784192233,0.02478039911608857
2023-12-22,193.60000610351562,153.4199981689453,75.27999877929688,162.13999938964844,353.3900146484375,252.5399932861328,103.1500015258789,-0.005562940974518443,-0.002733830879625901,-0.012934103380260506,0.008423192487778971,-0.0019788033781617184,-0.007731210565404946,0.005833740032956316
2023-12-26,193.0500030517578,153.41000366210938,75.8499984741211,163.2100067138672,354.8299865722656,256.6099853515625,104.44999694824219,-0.002844967850533354,-6.514686816695571e-05,0.007543206615862025,0.006577600503763021,0.004066459308231649,0.01598774007390915,0.01252420447509468
2023-12-27,193.14999389648438,153.33999633789062,76.11000061035156,163.4600067138672,357.8299865722656,261.44000244140625,104.6500015258789,0.0005178189940495606,-0.00045644547960358643,0.0034219846211524527,0.001530596862464061,0.008419212061327733,0.018647455510860632,0.0019130046876206944
2023-12-28,193.5800018310547,153.3800048828125,77.23999786376953,163.75,358.32000732421875,253.17999267578125,104.69999694824219,0.002223815667430748,0.00026087992298881607,0.014737759604629336,0.001772521353922128,0.0013684865813126668,-0.032104151730159784,0.00047762525606032146
2023-12-29,192.52999877929688,151.94000244140625,77.51000213623047,163.5500030517578,353.9599914550781,248.47999572753906,104.0,-0.0054388937789295,-0.009432812028151797,0.003489557950863275,-0.0012221018714894394,-0.012242574081261275,-0.018738327073791184,-0.006708189587478941
2024-01-02,185.63999938964844,149.92999267578125,74.76000213623047,161.5,346.2900085449219,248.4199981689453,101.52999877929688,-0.0364426683157658,-0.013317252487412825,-0.03612397669225453,-0.012613629981160678,-0.021907289287669583,-0.00024148746074577508,-0.024036589851319505
2024-01-03,184.25,148.47000122070312,76.58999633789062,160.10000610351562,344.4700012207031,238.4499969482422,100.16999816894531,-0.007515780015705521,-0.009785543802100045,0.024183460945169547,-0.008706484536897267,-0.005269591493640297,-0.04096122279932548,-0.01348558494585215
2024-01-04,181.91000366210938,144.57000732421875,74.66000366210938,160.86000061035156,347.1199951171875,237.92999267578125,99.12999725341797,-0.012781451663886221,-0.02661905587134582,-0.02552194957011869,0.004735767144411835,0.007663519946539995,-0.0021831499656647054,-0.010436632006265299
2024-01-05,181.17999267578125,145.24000549316406,73.01000213623047,159.16000366210938,351.95001220703125,237.49000549316406,99.61000061035156,-0.0040211075895140265,0.004623714384981175,-0.02234807520950693,-0.010624416702517476,0.013818627314678878,-0.0018509415250833076,0.004830474946551283
2024-01-08,185.55999755859375,149.10000610351562,72.87999725341797,161.13999938964844,358.6600036621094,240.4499969482422,102.23999786376953,0.023887294910533066,0.026229678338986727,-0.0017822320620762588,0.012363539993631637,0.018885719992677148,0.012386614576639277,0.026060402450464752
2024-01-09,185.13999938964844,151.3699951171875,72.0199966430664,160.0800018310547,357.42999267578125,234.9600067138672,101.88999938964844,-0.0022659743842163706,0.015109875810597672,-0.01187040365574268,-0.006599846847489524,-0.0034353564560337196,-0.023096839566935645,-0.0034291757390565647
2024-01-10,186.19000244140625,153.72999572753906,71.41000366210938,161.22999572753906,370.4700012207031,233.94000244140625,100.80000305175781,0.0056553784780440505,0.015470650615520465,-0.00850584476571581,0.0071581887626291,0.03583295481807649,-0.004350632806278706,-0.010755408083252009
2024-01-11,185.58999633789062,155.17999267578125,72.37999725341797,162.16000366210938,369.6700134277344,227.22000122070312,101.22000122070312,-0.0032277509624493044,0.009387897135060054,0.01349201334501514,0.0057516342505736125,-0.0021617209951277257,-0.029145966144498332,0.004157991933189348
2024-01-12,185.9199981689453,154.6199951171875,71.83999633789062,165.8000030517578,374.489990234375,218.88999938964844,101.23999786376953,0.0017765439569733025,-0.0036152239546972612,-0.007488607170864404,0.022198736380400565,0.012954322156212178,-0.03734939877742937,0.00019753673043415763
2024-01-16,183.6300048828125,153.16000366210938,69.45999908447266,166.9600067138672,367.4599914550781,219.91000366210938,101.66999816894531,-0.012393573693348117,-0.009487311793446907,-0.033690338882746314,0.006972041873919935,-0.018950628316368023,0.004649070658851297,0.0042383417010194635
2024-01-17,182.67999267578125,151.7100067138672,68.93000030517578,166.0800018310547,368.3699951171875,215.5500030517578,102.94999694824219,-0.005186941897946375,-0.009512302504832145,-0.007659532810397261,-0.005284691978713364,0.002473408647776576,-0.020025473044372827,0.012511147553405568
2024-01-18,188.6300048828125,153.5,68.05000305175781,166.83999633789062,376.1300048828125,211.8800048828125,113.02999877929688,0.032051502019659395,0.011729719012639512,-0.012848727381598824,0.004565636376255426,0.020846986711195593,-0.017172815629643214,0.09340985557213276
2024-01-19,191.55999755859375,155.33999633789062,69.41999816894531,171.47999572753906,383.45001220703125,212.19000244140625,114.19999694824219,0.015413612486248647,0.011915672389449407,0.019932210113877212,0.02743136943564591,0.019274424749066595,0.0014620115002590317,0.010298011096162154
2024-01-22,193.88999938964844,154.77999877929688,68.62999725341797,172.8300018310547,381.7799987792969,208.8000030517578,113.02999877929688,0.012089922065442798,-0.003611493461086361,-0.01144526715676274,0.00784184619238163,-0.004364742770251849,-0.016105240597581734,-0.010298011096162078
2024-01-23,195.17999267578125,156.02000427246094,74.0199966430664,173.94000244140625,385.20001220703125,209.13999938964844,114.12999725341797,0.006631187392870378,0.007979485588611064,0.0756055647058935,0.006401963190585987,0.008918188338725886,0.0016270106278732431,0.009684866097302234
2024-01-24,194.5,156.8699951171875,75.19999694824219,173.92999267578125,390.70001220703125,207.8300018310547,116.5199966430664,-0.0034900091293561765,0.005433174197432314,0.01581590876760884,-5.7548887620495034e-05,0.014177321690943333,-0.006283434610725192,0.020724777781172266
2024-01-25,194.1699981689453,157.75,73.8499984741211,190.42999267578125,393.17999267578125,182.6300048828125,116.55999755859375,-0.001698108482301312,0.005594095679664069,-0.018115202058386303,0.0906317571993403,0.006327470346277783,-0.12925817170128795,0.0003432376601610037
2024-01-26,192.4199981689453,159.1199951171875,74.01000213623047,187.4199981689453,394.1400146484375,183.25,117.26000213623047,-0.00905358115900819,0.008647102438040672,0.002164259757932209,-0.015932556583365173,0.002438709646701907,0.003389065826718794,0.0059875688125049075
2024-01-29,191.72999572753906,161.25999450683594,73.58000183105469,187.13999938964844,401.0199890136719,190.92999267578125,116.9800033569336,-0.0035923633706288183,0.013359331333490848,-0.005826973511602603,-0.0014950813395874887,0.01730506068059162,0.041055489597857625,-0.0023907010424398943
2024-01-30,188.0399932861328,159.0,72.31999969482422,187.8699951171875,400.05999755859375,191.58999633789062,116.05999755859375,-0.01943343959509632,-0.014113732972622603,-0.01727256269772748,0.0038932117025317465,-0.0023967442220902634,0.0034508226289791306,-0.007895730984787868
2024-01-31,184.39999389648438,155.1999969482422,72.16999816894531,183.66000366210938,390.1400146484375,187.2899932861328,112.95999908447266,-0.01954739242829894,-0.024189614134501332,-0.0020762901513519893,-0.022663966163839026,-0.0251088431431028,-0.022699471099276523,-0.027073512086685878
2024-02-01,186.86000061035156,159.27999877929688,72.45999908447266,186.89999389648438,394.7799987792969,188.86000061035156,113.38999938964844,0.013252398607999679,0.02594906400632865,0.004010251119225529,0.017487439679943102,0.011822958009327865,0.008347821172369478,0.0037994329609338825
2024-02-02,185.85000610351562,171.80999755859375,71.8499984741211,185.7899932861328,474.989990234375,187.91000366210938,115.75,-0.005419747046821537,0.07572554877189726,-0.00845408154396942,-0.005956714323713449,0.18496508599907743,-0.005042858776994556,0.020599494365358514
2024-02-05,187.67999267578125,170.30999755859375,74.62999725341797,183.4199981689453,459.4100036621094,181.05999755859375,118.79000091552734,0.00979841629578317,-0.008768909348284514,0.037961943052614425,-0.012838372333272506,-0.03335066510953286,-0.03713468972636411,0.025924543042212738
2024-02-06,189.3000030517578,169.14999389648438,78.2300033569336,183.41000366210938,454.7200012207031,185.10000610351562,119.37999725341797,0.008594728456425801,-0.006834432372405122,0.04711071426742407,-5.449121821291946e-05,-0.010261217919024252,0.02206779799027196,0.004954423724894158
2024-02-07,189.41000366210938,170.52999877929688,73.63999938964844,183.74000549316406,469.5899963378906,187.5800018310547,124.9800033569336,0.0005809226663934482,0.008125368023266808,-0.060464900531504356,0.0017976408099840877,0.032178118176464376,0.013309178288648728,0.04584209162725133
2024-02-08,188.32000732421875,169.83999633789062,70.77999877929688,184.36000061035156,470.0,189.55999755859375,133.72999572753906,-0.005771314598571634,-0.0040544313336464575,-0.039611890405685676,0.0033686264232407623,0.0008727289343880473,0.010500153377802503,0.06766905857559258
2024-02-09,188.85000610351562,174.4499969482422,72.0199966430664,186.33999633789062,468.1099853515625,193.57000732421875,133.11000061035156,0.002810399073472704,0.026781354306300166,0.01736735393872217,0.010682571206484866,-0.004029414962356388,0.02093365777497024,-0.004646951292049292
2024-02-12,187.14999389648438,172.33999633789062,73.13999938964844,186.16000366210938,468.8999938964844,188.1300048828125,130.4600067138672,-0.009042679740372516,-0.012168901576895616,0.015431592766660984,-0.0009664037035689943,0.0016862333371245883,-0.02850600281752684,-0.020109140813264016
2024-02-13,185.0399932861328,168.63999938964844,71.5999984741211,183.6999969482422,460.1199951171875,184.02000427246094,127.55000305175781,-0.011338420097622396,-0.02170298682855135,-0.021280351720817135,-0.013302563057520637,-0.01890219866310449,-0.022088768605910858,-0.022558249317188053
2024-02-14,184.14999389648438,170.97999572753906,73.38999938964844,183.57000732421875,473.2799987792969,188.7100067138672,129.27000427246094,-0.004821371893041141,0.013780303876272836,0.02469262558498008,-0.0007078695670171671,0.028199862527426036,0.02516701014711292,0.013394804832739448
2024-02-15,183.86000061035156,169.8000030517578,73.81999969482422,186.8699951171875,484.0299987792969,200.4499969482422,129.02999877929688,-0.0015760079915504534,-0.006925273760105457,0.005842015227377653,0.017817055763365463,0.02245970880165851,0.06035334314528131,-0.0018583473433923616
2024-02-16,182.30999755859375,169.50999450683594,73.91000366210938,187.63999938964844,473.32000732421875,199.9499969482422,126.69000244140625,-0.008466080331399369,-0.0017094021256489145,0.0012184928772203203,0.00411206840277576,-0.022375177754357066,-0.0024975038337594173,-0.018301749118468137
2024-02-20,181.55999755859375,167.0800018310547,73.13999938964844,183.44000244140625,471.75,193.75999450683594,125.33000183105469,-0.0041223572824271755,-0.014439139136134756,-0.010472781968761164,-0.022637578348810864,-0.0033225237418358228,-0.031447068575792124,-0.010792903651373476
2024-02-21,182.32000732421875,168.58999633789062,75.58000183105469,179.6999969482422,468.0299987792969,194.77000427246094,125.33999633789062,0.004177260968319589,0.008996959517601153,0.032816317771793016,-0.02059887505166793,-0.007916790429564658,0.005199145723306879,7.974234582714747e-05
2024-02-22,184.3699951171875,174.5800018310547,76.12000274658203,184.2100067138672,486.1300048828125,197.41000366210938,129.07000732421875,0.011181156488774513,0.03491338968982024,0.007119356362161389,0.024787670803937976,0.03794369406859102,0.013463405650618309,0.029324934014066453
2024-02-23,182.52000427246094,174.99000549316406,75.95999908447266,185.72000122070312,484.0299987792969,191.97000122070312,129.52999877929688,-0.010084802131148877,0.0023457610294128446,-0.002104204618884258,0.008163722113598733,-0.004329202142833267,-0.027943686650054866,0.0035575555248769835
2024-02-26,181.16000366210938,174.72999572753906,76.51000213623047,184.1300048828125,481.739990234375,199.39999389648438,130.63999938964844,-0.007479140564589172,-0.0014869599257995307,0.007214605273362565,-0.008598113327118403,-0.004742356591772824,0.03797371074003026,0.008532938872129497
2024-02-27,182.6300048828125,173.5399932861328,77.68000030517578,184.8699951171875,487.04998779296875,199.72999572753906,128.58999633789062,0.008081636037250204,-0.006833819221537168,0.015176348747005276,0.004010792554795697,0.010962233000685152,0.001653606167566249,-0.01581642418681044
2024-02-28,181.4199981689453,173.16000366210938,74.58999633789062,185.3000030517578,484.0199890136719,202.0399932861328,127.37999725341797,-0.006647499846148286,-0.0021920379551390117,-0.0405914270411456,0.0023233008083823514,-0.006240556674914321,0.011499231283567918,-0.00945429642228198
2024-02-29,180.75,176.75999450683594,74.02999877929688,185.02999877929688,490.1300048828125,201.8800048828125,128.6699981689453,-0.0036999140550196753,0.02057680546309288,-0.007536000904847838,-0.0014581822642957868,0.012544466523105178,-0.0007921787106965236,0.010076249585166433
2024-03-01,179.66000366210938,178.22000122070312,74.62000274658203,188.1999969482422,502.29998779296875,202.63999938964844,133.89999389648438,-0.006048664854259358,0.008225899848415687,0.007938204634893175,0.016987243439475903,0.02452685445177076,0.0037575170226514664,0.039842234148212405
2024-03-04,175.10000610351562,177.5800018310547,72.0,193.05999755859375,498.19000244140625,188.13999938964844,138.25999450683594,-0.025708922035495445,-0.0035975271186564546,-0.03574248558454132,0.02549579783885163,-0.00821599118668116,-0.07424463938175002,0.03204272367195147
2024-03-05,170.1199951171875,174.1199951171875,72.06999969482422,191.9499969482422,490.2200012207031,180.74000549316406,134.97000122070312,-0.02885323246585299,-0.019676533274039055,0.0009717456858586975,-0.005766103226532676,-0.016127262841601875,-0.04012679843323044,-0.024083390220990656
2024-03-06,169.1199951171875,173.50999450683594,73.70999908447266,196.16000366210938,496.0899963378906,176.5399932861328,141.57000732421875,-0.005895548433220087,-0.0035094856867787733,0.022500598078616665,0.021695765868743593,0.011903082070088625,-0.023512123304642613,0.04774180557662844
2024-03-07,169.0,176.82000732421875,72.54000091552734,196.5399932861328,512.1900024414062,178.64999389648438,149.1999969482422,-0.0007097783269727351,0.018897104445031784,-0.01600031630477436,0.0019352673571329908,0.031938300222322344,0.01188110874296599,0.05249332117344534
2024-03-08,170.72999572753906,175.35000610351562,73.55000305175781,195.9499969482422,505.95001220703125,175.33999633789062,146.3699951171875,0.010184621335404206,-0.00834829600574499,0.013827342063977783,-0.0030064297024965446,-0.012257780415134206,-0.018701625030085045,-0.019150038179044846
2024-03-11,172.75,171.9600067138672,74.86000061035156,191.72999572753906,483.5899963378906,177.77000427246094,139.02000427246094,0.011762126389301778,-0.01952208072253206,0.01765422208978895,-0.021771399024911813,-0.04520044159512204,0.013763678693560029,-0.05151979073142821
2024-03-12,173.22999572753906,175.38999938964844,76.05999755859375,197.77999877929688,499.75,177.5399932861328,144.39999389648438,0.0027747039795536412,0.01975013161880721,0.01590275977216433,0.031067185623257068,0.03287054067291102,-0.0012947061441473569,0.037969345785564775
2024-03-13,171.1300048828125,176.55999755859375,76.38999938964844,196.6999969482422,495.57000732421875,169.47999572753906,142.13999938964844,-0.01219663650520539,0.006648685830772736,0.004329319161640107,-0.005475585789589378,-0.00839934336596773,-0.04646099727496628,-0.01577470108587905
2024-03-14,173.0,178.75,73.4000015258789,193.42999267578125,491.8299865722656,162.5,139.6199951171875,0.010868064375651553,0.012327433453265669,-0.03992783315431709,-0.016764057831182275,-0.0075755289878061205,-0.042056898779332184,-0.01788807153463405
2024-03-15,172.6199951171875,174.4199981689453,73.41999816894531,191.07000732421875,484.1000061035156,163.57000732421875,136.97999572753906,-0.0021989759927496765,-0.02452200827324045,0.00027239672022364824,-0.012275760665018277,-0.015841591473122366,0.006563076277915342,-0.019089512990739126
2024-03-18,173.72000122070312,174.47999572753906,73.5199966430664,191.69000244140625,496.9800109863281,173.8000030517578,136.63999938964844,0.006352196188434696,0.00034392410567333365,0.0013610792580549603,0.0032396052022603335,0.02625829639079196,0.060664152342604714,-0.0024851730059579475
2024-03-19,176.0800018310547,175.89999389648438,73.41999816894531,193.33999633789062,496.239990234375,171.32000732421875,134.8699951171875,0.013493632923735259,0.008105519638180665,-0.0013610792580548826,0.008570781508877193,-0.0014901449587810148,-0.014372034891457558,-0.013038410248479926
2024-03-20,178.6699981689453,178.14999389648438,74.18000030517578,193.9600067138672,505.5199890136719,175.66000366210938,136.75,0.014602071079627316,0.01271024074657137,0.010298223046200473,0.003201708756683483,0.018527919746848687,0.025017133837829976,0.01384312597716937
2024-03-21,171.3699951171875,178.14999389648438,73.83000183105469,191.89999389648438,507.760009765625,172.82000732421875,139.4499969482422,-0.04171558551687715,0.0,-0.00472939830340345,-0.010677615643906438,0.004421333498499371,-0.016299696542812377,0.01955165088716327
2024-03-22,172.27999877929688,178.8699951171875,72.12999725341797,190.83999633789062,509.5799865722656,170.8300018310547,140.5399932861328,0.005296119920383778,0.004033399915744371,-0.023295169434671095,-0.005539009749460747,0.0035779164384090387,-0.01158171211632812,0.007786005802865692
2024-03-25,170.85000610351562,179.7100067138672,71.45999908447266,188.7899932861328,503.0199890136719,172.6300048828125,140.22999572753906,-0.00833503881462208,0.00468522019633587,-0.009332168653842222,-0.010800110814153219,-0.012956921769433619,0.010481683435756076,-0.0022081967210848276
2024-03-26,169.7100067138672,178.3000030517578,71.4800033569336,188.5,495.8900146484375,177.6699981689453,138.83999633789062,-0.00669487670171546,-0.007876935918428052,0.0002798974709649362,-0.001537243756264993,-0.014275751424410645,0.0287772826285837,-0.009961736653921426
2024-03-27,173.30999755859375,179.8300018310547,71.58999633789062,190.8000030517578,493.8599853515625,179.8300018310547,136.69000244140625,0.02099074679035559,0.008544428374293455,0.0015376109996859777,0.012127768120658336,-0.004102110924043234,0.012084083617363902,-0.015606558591652966
2024-03-28,171.47999572753906,180.3800048828125,72.36000061035156,190.9600067138672,485.5799865722656,175.7899932861328,136.0500030517578,-0.010615267559789551,0.003053793447902987,0.010698320707855678,0.0008382421803502885,-0.016908021468809296,-0.02272190773999231,-0.004693118365056207
2024-04-01,170.02999877929688,180.97000122070312,73.37000274658203,189.8300018310547,491.3500061035156,175.22000122070312,141.49000549316406,-0.008491731924507051,0.00326551461029285,0.013861501198551363,-0.005935072740863421,0.011812692147681983,-0.0032477284143495326,0.03920659437114741
2024-04-02,168.83999633789062,180.69000244140625,72.87999725341797,188.8800048828125,497.3699951171875,166.6300048828125,140.22000122070312,-0.007023385665577959,-0.0015484091821309372,-0.006700954895235625,-0.005017025819553343,0.012177488871853161,-0.05026651935105258,-0.009016455547102072
2024-04-03,169.64999389648438,182.41000366210938,72.44000244140625,190.89999389648438,506.739990234375,168.3800048828125,142.0,0.004785956028658185,0.009474051539763393,-0.006055548547667888,0.010637780130725312,0.018663826167261123,0.010447544054431742,0.012614431116811374
2024-04-04,168.82000732421875,180.0,71.94999694824219,187.94000244140625,510.9200134277344,171.11000061035156,139.66000366210938,-0.004904353312780784,-0.013300069884866008,-0.0067872757992767764,-0.01562692281411461,0.008215016186576222,0.016083269202606634,-0.01661613396176671
2024-04-05,169.5800018310547,185.07000732421875,71.66000366210938,189.13999938964844,527.3400268554688,164.89999389648438,141.36000061035156,0.004491700733089156,0.027777320574842966,-0.00403862793763504,0.006364702415115032,0.03163250427483863,-0.03696743555877544,0.012098908689657524
2024-04-08,168.4499969482422,185.19000244140625,71.70999908447266,189.82000732421875,519.25,172.97999572753906,142.7899932861328,-0.0066858509375796425,0.0006481667921116775,0.0006974321466420574,0.0035888149270362625,-0.015460089974673887,0.04783676362708771,0.010065140093881984
2024-04-09,169.6699981689453,185.6699981689453,72.98999786376953,189.30999755859375,516.9000244140625,176.8800048828125,145.39999389648438,0.0072164115271257925,0.0025885563003378185,0.017692221068697344,-0.002690423161941563,-0.004535983322535372,0.022295607975213145,0.01811355069897329
2024-04-10,167.77999877929688,185.9499969482422,74.58999633789062,186.0399932861328,519.8300170898438,171.75999450683594,146.22000122070312,-0.011201773120458362,0.0015069094018642995,0.021683984674451078,-0.017424201857881513,0.005652388489696252,-0.02937344256551801,0.005623822091563667
2024-04-11,175.0399932861328,189.0500030517578,74.8499984741211,185.89999389648438,523.1599731445312,174.60000610351562,147.1999969482422,0.042360890734896434,0.016533742520170792,0.00347968960926212,-0.0007528063724504839,0.006385425364383412,0.016399556773736196,0.006679840349154864
2024-04-12,176.5500030517578,186.1300048828125,71.29000091552734,182.27000427246094,511.8999938964844,171.0500030517578,142.52000427246094,0.008589658782483604,-0.015566165935951603,-0.048730012507979585,-0.019719734218018033,-0.021758011747486178,-0.020541749097701737,-0.03230981484711587
2024-04-15,172.69000244140625,183.6199951171875,70.62000274658203,181.25,500.2300109863281,161.47999572753906,140.13999938964844,-0.022106045925824505,-0.013577002419975346,-0.009442648579183708,-0.005611833942343656,-0.023061266923100638,-0.05757465973833702,-0.01684045212852034
2024-04-16,169.3800048828125,183.32000732421875,69.61000061035156,183.75,499.760009765625,157.11000061035156,139.8000030517578,-0.019353353413071633,-0.0016350785294987403,-0.014405185443915875,0.013698844358161927,-0.0009400118912353551,-0.02743506868222295,-0.002429066957924392
2024-04-17,168.0,181.27999877929688,68.81999969482422,183.10000610351562,494.1700134277344,155.4499969482422,139.02999877929688,-0.00818076091775587,-0.011190509048215303,-0.011413848013805374,-0.00354365307815269,-0.011248388010062204,-0.01062208397137564,-0.00552312322785466
2024-04-18,167.0399932861328,179.22000122070312,68.87999725341797,181.47000122070312,501.79998779296875,149.92999267578125,132.27000427246094,-0.00573071490215623,-0.011428682278624262,0.0008714243096614721,-0.008942127501111891,0.015321994889952822,-0.036155647217109545,-0.04984440806229669
2024-04-19,165.0,174.6300048828125,69.06999969482422,181.5800018310547,481.07000732421875,147.0500030517578,127.69999694824219,-0.012287790600522064,-0.025944630354616176,0.002754658437936179,0.0006059805139405158,-0.042188804718177285,-0.01939578390268632,-0.03516158119838861
2024-04-22,165.83999633789062,177.22999572753906,70.68000030517578,181.89999389648438,481.7300109863281,142.0500030517578,129.75,0.005077972144759473,0.01477882204751945,0.023042173086679604,0.0017607139422175999,0.001371009042250979,-0.0345935559693179,0.015925782905373206
2024-04-23,166.89999389648438,179.5399932861328,72.51000213623047,182.19000244140625,496.1000061035156,144.67999267578125,133.42999267578125,0.006371348052552827,0.0129496869735391,0.025561861075478892,0.0015930600080847183,0.029393717680089616,0.018345226676437152,0.027967418816485803
2024-04-24,169.02000427246094,176.58999633789062,74.62999725341797,184.10000610351562,493.5,162.1300048828125,132.97000122070312,0.012622282296285559,-0.01656734624660272,0.02881802149595666,0.01042900941436979,-0.005254672736461469,0.11387415621830609,-0.003453392813579566
2024-04-25,169.88999938964844,173.6699981689453,75.11000061035156,168.91000366210938,441.3800048828125,170.17999267578125,136.5800018310547,0.005134088807017054,-0.016673704471388103,0.006411179483380999,-0.08611307101920841,-0.11161666539091769,0.04845814470471284,0.02678698889050175
2024-04-26,169.3000030517578,179.6199951171875,75.55000305175781,167.1300048828125,443.2900085449219,168.2899932861328,138.3000030517578,-0.0034788580363657065,0.03368654484295438,0.00584101528860722,-0.010594068456596821,0.004318009203021405,-0.011168015552988686,0.01251472379752333
2024-04-29,173.5,180.9600067138672,76.41000366210938,167.42999267578125,432.6199951171875,194.0500030517578,138.5,0.02450529222208428,0.007432568410519159,0.011318896473939584,0.0017933278070014574,-0.024364469436892845,0.14242723171122051,0.0014450648904637947
2024-04-30,170.3300018310547,175.0,74.8499984741211,166.1999969482422,430.1700134277344,183.27999877929688,137.33999633789062,-0.018439856764385882,-0.03349007554568368,-0.020627535106756398,-0.007373445664103042,-0.005679222638741672,-0.05710084205665045,-0.008410749099413835
2024-05-01,169.3000030517578,179.0,75.51000213623047,164.42999267578125,439.19000244140625,179.99000549316406,134.94000244140625,-0.006065435457698386,0.022599831917240992,0.00877903562621648,-0.01070696087633421,0.020751616214679483,-0.018113707174260838,-0.017629323236168407
2024-05-02,173.02999877929688,184.72000122070312,80.33000183105469,164.69000244140625,441.67999267578125,180.00999450683594,136.22999572753906,0.021792675648863204,0.031455365813882176,0.061878046873848645,0.0015800305273168834,0.005653494568467677,0.00011105007606901516,0.009514349124042835
2024-05-03,183.3800048828125,186.2100067138672,81.33000183105469,165.7100067138672,451.9599914550781,181.19000244140625,141.55999755859375,0.05809554643480651,0.008033933494385928,0.012371801712695222,0.006174379447095166,0.023008040041524985,0.006533843535574036,0.038379035814967113
2024-05-06,181.7100067138672,188.6999969482422,81.55000305175781,168.61000061035156,465.67999267578125,184.75999450683594,142.8300018310547,-0.009148482639280829,0.013283331052944075,0.0027013917963712953,0.017349046252325293,0.029905025800794186,0.019511437908750914,0.008931486463534467
2024-05-07,182.39999389648438,188.75999450683594,79.37000274658203,168.3800048828125,468.239990234375,177.80999755859375,141.11000061035156,0.0037899975687550862,0.00031790155490520083,-0.027095868781373367,-0.0013650005015053567,0.00548227689146867,-0.03834210509362018,-0.012115392299326174
2024-05-08,182.74000549316406,188.0,78.45999908447266,169.89999389648438,472.6000061035156,174.72000122070312,143.60000610351562,0.0018623634524984746,-0.004034374926922967,-0.011531568594879782,0.008986633845435486,0.009268413540627,-0.017530851194269642,0.01749196672268427
2024-05-09,184.57000732421875,189.5,79.45999908447266,166.27000427246094,475.4200134277344,171.97000122070312,142.7899932861328,0.009964427371333831,0.00794706169253194,0.01266480975189653,-0.02159699400551107,0.005949274453483519,-0.015864649448707812,-0.005656726694680121
2024-05-10,183.0500030517578,187.47999572753906,80.04000091552734,167.14999389648438,476.20001220703125,168.47000122070312,149.25999450683594,-0.0082694787638438,-0.010716874256865036,0.007272782289316738,0.005278577602697672,0.0016393075659640577,-0.020562350450525728,0.044314742477553716
2024-05-13,186.27999877929688,186.57000732421875,84.5999984741211,167.55999755859375,468.010009765625,171.88999938964844,146.41000366210938,0.01749155532315908,-0.004865607224493341,0.055407727421878536,0.0024499051575861868,-0.017348275610009005,0.020097034145307512,-0.019278784682496854
2024-05-14,187.42999267578125,187.07000732421875,79.51000213623047,167.36000061035156,471.8500061035156,177.5500030517578,151.9499969482422,0.006154491732682881,0.002676374471979152,-0.06205142179494799,-0.0011942969849973776,0.008171467325623929,0.03239754278801776,0.03714056906075094
2024-05-15,189.72000122070312,185.99000549316406,80.98999786376953,168.25999450683594,481.5400085449219,173.99000549316406,155.5800018310547,0.01214390414981207,-0.005789979151338669,0.018442837103590463,0.005363184952290602,0.020328167858041514,-0.020254418706909572,0.02360858126900312
2024-05-16,189.83999633789062,183.6300048828125,86.69999694824219,168.97000122070312,473.2300109863281,174.83999633789062,152.22999572753906,0.0006322853933872297,-0.012770048240180699,0.06812818470301742,0.004210822121149455,-0.017407767810075244,0.004873391179277019,-0.02176757354250963
2024-05-17,189.8699951171875,184.6999969482422,88.54000091552734,169.02999877929688,471.9100036621094,177.4600067138672,151.67999267578125,0.00015800890171122084,0.005809980560830076,0.021000589056819674,0.00035501514333665816,-0.0027932542523109753,0.01487402019069651,-0.0036195167859314026
2024-05-20,191.0399932861328,183.5399932861328,88.27999877929688,169.9199981689453,468.8399963378906,174.9499969482422,153.5500030517578,0.006143193321744932,-0.006300279871404103,-0.002940870083356946,0.005251520537320006,-0.006526746154305833,-0.014245067870223688,0.012253276542112466
2024-05-21,192.35000610351562,183.14999389648438,86.12999725341797,173.47000122070312,464.6300048828125,186.60000610351562,153.6699981689453,0.006833865869144476,-0.00212713491141393,-0.024655816648620717,0.020676953532694248,-0.009020150608738469,0.06446711975223302,0.0007811673902264698
2024-05-22,190.89999389648438,183.1300048828125,82.68000030517578,173.69000244140625,467.7799987792969,180.11000061035156,156.14999389648438,-0.007566962170221192,-0.00010914608364277473,-0.04088001240767075,0.001267434311746921,0.0067566968779405445,-0.035399542384592614,0.016009610489828675
2024-05-23,186.8800048828125,181.0500030517578,80.80000305175781,170.6699981689453,465.7799987792969,173.74000549316406,157.08999633789062,-0.021282972991457393,-0.011423056748417279,-0.02300073520828587,-0.017540258419994924,-0.004284680288309086,-0.036007818288810785,0.006001821558103527
2024-05-24,189.97999572753906,180.75,81.26000213623047,170.88999938964844,478.2200012207031,179.24000549316406,160.0,0.016452055205107004,-0.001658392028660058,0.005676913552083273,0.001288214385173406,0.026357463182180896,0.03116576011599187,0.018354949034152513
2024-05-28,189.99000549316406,182.14999389648438,80.58000183105469,169.66000366210938,479.9200134277344,176.75,159.41000366210938,5.268713632729002e-05,0.007715628907514658,-0.008403414361772504,-0.007223615122634272,0.0035485711168939346,-0.013989415788236143,-0.0036942926153757456
2024-05-29,190.2899932861328,182.02000427246094,79.05999755859375,167.0500030517578,474.3599853515625,176.19000244140625,154.33999633789062,0.0015777209222638902,-0.0007138953246986688,-0.01904347549852374,-0.015503268893283633,-0.011652955107776137,-0.0031733327174769638,-0.03232158531653992
2024-05-30,191.2899932861328,179.32000732421875,79.62999725341797,165.6300048828125,467.04998779296875,178.7899932861328,152.9600067138672,0.0052413770350908506,-0.014944634490046925,0.007183844789437153,-0.008536772626990034,-0.015530204033768332,0.014648923152829736,-0.008981444105860815
2024-05-31,192.25,176.44000244140625,78.33999633789062,166.85000610351562,466.8299865722656,178.0800018310547,151.0399932861328,0.005006042319038915,-0.01619107105787046,-0.016332590286222748,0.0073388273339325015,-0.0004711552465239922,-0.003978997402597566,-0.01263183524978237
2024-06-03,194.02999877929688,178.33999633789062,77.9000015258789,165.27999877929688,477.489990234375,176.2899932861328,154.9499969482422,0.009216171606116463,0.010710931098535235,-0.00563230902696523,-0.009454243792576277,0.022578059905234902,-0.010102569596006488,0.025557806592375762
2024-06-04,194.35000610351562,179.33999633789062,78.44999694824219,165.80999755859375,476.989990234375,174.77000427246094,152.47000122070312,0.0016479087111245946,0.0055916049316681584,0.007035467814002766,0.0032015418035007976,-0.0010476910065522953,-0.008659479988969872,-0.01613460114864239
2024-06-05,195.8699951171875,181.27999877929688,79.83000183105469,167.3800048828125,495.05999755859375,175.0,162.9199981689453,0.007790460234814007,0.010759365441920877,0.01743795631626421,0.009424165987584695,0.03718345657820954,0.0013151256990527008,0.06629140815123014
2024-06-06,194.47999572753906,185.0,80.01000213623047,168.1999969482422,493.760009765625,177.94000244140625,162.07000732421875,-0.007121840898579786,0.02031303453242799,0.0022522569669438885,0.0048870236184757445,-0.002629373459894452,0.016660454613497404,-0.005230885679504623
2024-06-07,196.88999938964844,184.3000030517578,78.41000366210938,170.00999450683594,492.9599914550781,177.47999572753906,164.38999938964844,0.012315886014550241,-0.0037909438439048654,-0.020200136614124627,0.010703497143585849,-0.0016215714384237244,-0.0025885260992180074,0.014213263946865617
2024-06-10,193.1199951171875,187.05999755859375,79.30000305175781,170.3800048828125,502.6000061035156,173.7899932861328,168.16000366210938,-0.01933346198838391,0.014864526720524128,0.011286650177055536,0.002174038734252752,0.019366619738922227,-0.02101026729322036,0.02267427909757779
2024-06-11,207.14999389648438,187.22999572753906,77.9000015258789,169.32000732421875,507.4700012207031,170.66000366210938,165.7100067138672,0.07013140699378369,0.0009083768397987709,-0.017812194660141823,-0.0062408063636722536,0.009642961020283456,-0.01817434057762428,-0.014676615748705137
2024-06-12,213.07000732421875,186.88999938964844,78.04000091552734,169.0,508.8399963378906,177.2899932861328,172.97999572753906,0.02817764553280259,-0.0018175795783648761,0.0017955550220595346,-0.0018917439863148696,0.0026960198173755427,0.03811347747393242,0.04293664302173899
2024-06-13,214.24000549316406,183.8300018310547,75.68000030517578,169.1199951171875,504.1000061035156,182.47000122070312,172.91000366210938,0.0054761229911165004,-0.016508777761010902,-0.03070759871035196,0.0007097783269727371,-0.009358944894701153,0.028799010597446485,-0.0004047070832259286
2024-06-14,212.49000549316406,183.66000366210938,73.3499984741211,169.2100067138672,504.1600036621094,178.00999450683594,172.50999450683594,-0.0082019532980566,-0.000925185330377967,-0.031271444989793576,0.0005320935082092781,0.00011901207641565068,-0.024746085007725318,-0.0023160751329092196
2024-06-17,216.6699981689453,184.05999755859375,74.55000305175781,169.5,506.6300048828125,187.44000244140625,177.24000549316406,0.019480495982683053,0.002175536021534634,0.016227598360186248,0.0017123400622494399,0.004887278497518076,0.051619109593938894,0.027049603361020448
2024-06-18,214.2899932861328,182.80999755859375,74.45999908447266,170.5500030517578,499.489990234375,184.86000061035156,179.69000244140625,-0.011045243763487348,-0.006814429382413544,-0.0012080259974535977,0.0061755999377750385,-0.014193405453274025,-0.013860022086213656,0.013728380201040488
2024-06-20,209.67999267578125,186.10000610351562,74.3499984741211,173.9199981689453,501.70001220703125,181.57000732421875,175.3800048828125,-0.02174768241954588,0.017836847681061675,-0.0014784037657650296,0.019566886086476006,0.004414797504550528,-0.017957490517488177,-0.02427808133259034
2024-06-21,207.49000549316406,189.0800018310547,73.66999816894531,172.4600067138672,494.7799987792969,183.00999450683594,173.9600067138672,-0.010499351871975664,0.015886019163884733,-0.009188016543345905,-0.008430048390581889,-0.013889138959166181,0.007899471520701,-0.008129649868786623
2024-06-24,208.13999938964844,185.57000732421875,74.79000091552734,175.00999450683594,498.9100036621094,182.5800018310547,167.80999755859375,0.003127755064589419,-0.018738006784044702,0.015088562604982432,0.014677719306176163,0.008312509240968663,-0.002352322975825913,-0.03599305385931637
2024-06-25,209.07000732421875,186.33999633789062,73.79000091552734,172.60000610351562,510.6000061035156,187.35000610351562,172.60000610351562,0.0044582318736075145,0.004140733544431204,-0.013460964967407061,-0.013866269748823767,0.023160790657652794,0.025790114652126835,0.028144441547089984
2024-06-26,213.25,193.61000061035156,74.16999816894531,171.8699951171875,513.1199951171875,196.3699951171875,172.07000732421875,0.0197960272208764,0.03827288718411035,0.0051364975837221915,-0.004238465332848071,0.0049232096679196384,0.047022052078927956,-0.0030754006811169717
2024-06-27,214.10000610351562,197.85000610351562,72.37000274658203,170.85000610351562,519.5599975585938,197.4199981689453,171.6300048828125,0.003978037731627821,0.02166336912708652,-0.02456784423122069,-0.0059523343929670704,0.012472568411177557,0.005332819818052439,-0.0025603879322181446
2024-06-28,210.6199951171875,193.25,72.0,172.9499969482422,504.2200012207031,197.8800048828125,173.80999755859375,-0.016387685334008383,-0.02352451121310858,-0.005125767813922146,0.012216503452148045,-0.029969611653119774,0.0023273813203096337,0.012621709130788842
2024-07-01,216.75,197.1999969482422,72.18000030517578,175.10000610351562,504.67999267578125,209.86000061035156,172.3300018310547,0.0286890768912434,0.020233739225558187,0.0024968844265698003,0.01235475641126014,0.000911867359965498,0.05877983360300819,-0.00855148061021331
2024-07-02,220.27000427246094,200.0,73.68000030517578,177.3000030517578,509.5,231.25999450683594,175.6999969482422,0.016109470331886984,0.01409893985494711,0.020568392646334373,0.012485956143438793,0.00950530211583859,0.09710195030947986,0.019366723905145062
2024-07-03,221.5500030517578,197.58999633789062,75.56999969482422,175.72999572753906,509.9599914550781,246.38999938964844,182.49000549316406,0.005794225427538552,-0.012123208336190894,0.025327978905349872,-0.008894528398447628,0.0009024218510787743,0.06337304899541438,0.03791742927798991
2024-07-05,226.33999633789062,200.0,74.5199966430664,176.02000427246094,539.9099731445312,251.52000427246094,183.99000549316406,0.02138996593803601,0.012123208336190851,-0.013991874308340702,0.0016489473241428395,0.05707013474672191,0.02060688228437311,0.008186031059875067
2024-07-08,227.82000732421875,199.2899932861328,73.5,177.63999938964844,529.3200073242188,252.94000244140625,186.6300048828125,0.006517598262800098,-0.0035563498917093785,-0.013782094467177678,0.00916137776975769,-0.01980923151869782,0.005629789876539415,0.014246635196324391
2024-07-09,228.67999267578125,199.33999633789062,75.69999694824219,176.47999572753906,530.0,262.3299865722656,184.52000427246094,0.0037677387466135636,0.0002508745118109151,0.029492713910769724,-0.0065514956921399236,0.0012838288042851943,0.0364508858978897,-0.011370191514021643
2024-07-10,232.97999572753906,199.7899932861328,76.01000213623047,177.83999633789062,534.6900024414062,263.260009765625,191.0500030517578,0.018628980265788138,0.0022548901390979956,0.004086818552985804,0.00767671776791167,0.00881013772372392,0.0035389720904070512,0.03477730802243737
2024-07-11,227.57000732421875,195.0500030517578,78.5199966430664,178.30999755859375,512.7000122070312,241.02999877929688,184.5,-0.023494679077722437,-0.02401082970854252,0.03248838797312023,0.0026393457902521874,-0.041996241670930655,-0.08822077208547265,-0.03488572638593499
2024-07-12,230.5399932861328,194.49000549316406,79.6500015258789,182.8300018310547,498.8699951171875,248.22999572753906,187.35000610351562,0.012966438494921347,-0.0028751754997392003,0.014288728857690251,0.025033174501445155,-0.0273453716187734,0.029434316513726216,0.015329094337259885
2024-07-15,234.39999389648438,192.72000122070312,78.01000213623047,182.8800048828125,496.1600036621094,252.63999938964844,185.22000122070312,0.016604677613454705,-0.009142411458262565,-0.02080500452907619,0.00027345739056313723,-0.005447068247144437,0.017609829570940913,-0.0114342434851609
2024-07-16,234.82000732421875,193.02000427246094,78.37999725341797,185.80999755859375,489.7900085449219,256.55999755859375,186.0399932861328,0.0017902627288764663,0.0015554679731073517,0.004731706745330681,0.015894406359357648,-0.012921717473831392,0.015396997777534727,0.004417353934915623
2024-07-17,228.8800048828125,187.92999267578125,77.04000091552734,187.4499969482422,461.989990234375,248.5,171.1999969482422,-0.025621424317485365,-0.026724318518412248,-0.017243978355949315,0.008787493796136482,-0.058433520571548686,-0.031919700332288976,-0.08312922238564299
2024-07-18,224.17999267578125,183.75,76.54000091552734,185.22000122070312,475.8500061035156,249.22999572753906,171.8699951171875,-0.02074860215356186,-0.022493376002440963,-0.006511287414682652,-0.011967812568857001,0.029559466657243398,0.002933302220995548,0.003905902796724973
2024-07-19,224.30999755859375,183.1300048828125,75.2699966430664,183.25,476.7900085449219,239.1999969482422,165.77000427246094,0.0005797448740643955,-0.0033798282769946274,-0.016731887511099688,-0.010692973565919884,0.0019734689537039556,-0.04107613843938729,-0.036137037468477344
2024-07-22,223.9600067138672,182.5500030517578,76.63999938964844,184.14999389648438,487.3999938964844,251.50999450683594,169.35000610351562,-0.001561518337194895,-0.003172184996925187,0.018037521250847843,0.004899268980051986,0.022008968369894858,0.05018271902171053,0.021366304094415388
2024-07-23,225.00999450683594,186.41000366210938,76.0999984741211,184.10000610351562,488.69000244140625,246.3800048828125,169.82000732421875,0.004677326789595036,0.02092444370758336,-0.007070880882058892,-0.0002714883545188813,0.0026432179426614587,-0.02060764898795659,0.0027714803959061956
2024-07-24,218.5399932861328,180.8300018310547,75.80000305175781,184.02000427246094,461.2699890136719,215.99000549316406,159.8000030517578,-0.02917578782711976,-0.03039119500388669,-0.003949911907686494,-0.00043465082070646044,-0.05774481558042673,-0.13164294360339135,-0.06081604327099036
2024-07-25,217.49000549316406,179.85000610351562,75.4000015258789,191.97999572753906,453.4100036621094,220.25,160.27999877929688,-0.004816135703784962,-0.005434169444389781,-0.005291037657951307,0.04234670710908407,-0.017186729543653655,0.01953112906763447,0.002999225722345179
2024-07-26,217.9600067138672,182.5,76.52999877929688,191.75,465.70001220703125,219.8000030517578,161.94000244140625,0.0021586928007480827,0.014626968944213104,0.014875509620150155,-0.0011987374333061731,0.026744874713465858,-0.0020452089625195087,0.010303633182083357
2024-07-29,218.24000549316406,183.1999969482422,78.62000274658203,191.5,465.7099914550781,232.10000610351562,160.00999450683594,0.0012838093072819164,0.0038282625594168156,0.02694335005743502,-0.0013046316266648581,2.142826039673205e-05,0.054450283723543685,-0.011989632383307825
2024-07-30,218.8000030517578,181.7100067138672,78.0,191.0399932861328,463.19000244140625,222.6199951171875,154.5399932861328,0.0025626846701440366,-0.008166388972744573,-0.007917328239024347,-0.0024050135602411687,-0.00542576211081462,-0.04170207944562914,-0.03478335988941944
2024-07-31,222.0800018310547,186.97999572753906,78.8499984741211,192.13999938964844,474.8299865722656,232.07000732421875,165.8000030517578,0.014879601067931647,0.02858958980412218,0.010838467367788948,0.005741474744534903,0.024819474609023107,0.04157282172336867,0.07032934204622038
2024-08-01,218.36000061035156,184.07000732421875,77.9800033569336,189.66000366210938,497.739990234375,216.86000061035156,158.17999267578125,-0.016892605854743805,-0.015685476578311947,-0.011094867454282072,-0.012991255040600726,0.04712101575657065,-0.06778709499652093,-0.04704868231924835
2024-08-02,219.86000061035156,167.89999389648438,77.44999694824219,189.1199951171875,488.1400146484375,207.6699981689453,149.86000061035156,0.006845903218090828,-0.09194763210362274,-0.006819899143163142,-0.0028513063652546005,-0.01947555275170183,-0.043301714320780345,-0.054032049779229215
2024-08-05,209.27000427246094,161.02000427246094,76.9800033569336,183.30999755859375,475.7300109863281,198.8800048828125,147.9499969482422,-0.04936567825820951,-0.041839920325843556,-0.006086835996469424,-0.03120301298632222,-0.025751790463775032,-0.04324862022379944,-0.012827170789711653
2024-08-06,207.22999572753906,161.92999267578125,77.9000015258789,186.8000030517578,494.0899963378906,200.63999938964844,155.38999938964844,-0.00979603773620418,0.005635490449044775,0.011880281000898878,0.018859846718958632,0.03786718991676605,0.008810602088580683,0.049063723651509156
2024-08-07,209.82000732421875,162.77000427246094,77.83000183105469,186.8000030517578,488.9200134277344,191.75999450683594,155.0399932861328,0.012420788278095436,0.005174089797253657,-0.0008989879667329431,0.0,-0.0105187750438828,-0.04526769292244102,-0.0022549770324155455
2024-08-08,213.30999755859375,165.8000030517578,80.30999755859375,192.61000061035156,509.6300048828125,198.83999633789062,164.5500030517578,0.016496440047891123,0.0184440734555928,0.03136713130295948,0.030628880133202425,0.041486077434886325,0.036255901329012616,0.05953138909707261
2024-08-09,216.24000549316406,166.94000244140625,79.98999786376953,191.4499969482422,517.77001953125,200.0,167.1199951171875,0.013642432112898678,0.0068522199395901024,-0.00399251564608039,-0.006040760281908359,0.015846184125264916,0.00581690373893266,0.015497594095475437
2024-08-12,217.52999877929688,166.8000030517578,80.91000366210938,189.47999572753906,515.9500122070312,197.49000549316406,167.6300048828125,0.0059478390686755886,-0.0008389728264874979,0.011435870926753763,-0.010343206475866333,-0.0035212807122327154,-0.012629388585244743,0.003047110740792001
2024-08-13,221.27000427246094,170.22999572753906,81.0999984741211,190.99000549316406,528.5399780273438,207.8300018310547,172.33999633789062,0.017046928151695066,0.020354930507755713,0.002345471225319315,0.007937643909386803,0.024108561556343423,0.05103246867853809,0.027710049790593216
2024-08-14,221.72000122070312,170.10000610351562,79.47000122070312,192.32000732421875,526.760009765625,201.3800048828125,169.97000122070312,0.002031635465558628,-0.0007639034445704183,-0.02030333499394334,0.006939590013752307,-0.003373391396336615,-0.03152675190710158,-0.013847290491157412
2024-08-15,224.72000122070312,177.58999633789062,79.54000091552734,193.9499969482422,537.3300170898438,214.13999938964844,173.9600067138672,0.013439858170884816,0.043090966761615855,0.0008804439771797223,0.008439688720868149,0.019867407329333984,0.061436309145650216,0.02320346825261866
2024-08-16,226.0500030517578,177.05999755859375,83.18000030517578,193.77999877929688,527.4199829101562,216.1199951171875,174.5399932861328,0.005901039012885032,-0.002988857651035908,0.04474688669380519,-0.0008768894937801238,-0.018615300032021297,0.00920378250292453,0.003328476945345639
2024-08-19,225.88999938964844,178.22000122070312,83.91000366210938,194.72999572753906,529.280029296875,222.72000122070312,175.4499969482422,-0.000708074823782384,0.006530104639669463,0.008737901541652245,0.004890473115621236,0.0035204850692158946,0.0300815962441386,0.0052001813662365835
2024-08-20,226.50999450683594,178.8800048828125,81.04000091552734,196.02999877929688,526.72998046875,221.10000610351562,172.0399932861328,0.0027409173903689796,0.0036964682293246748,-0.03480196828762228,0.006653740742157489,-0.004829601540154497,-0.007300267158314731,-0.019627115744836214
2024-08-21,226.39999389648438,180.11000061035156,83.52999877929688,197.2100067138672,535.1599731445312,223.27000427246094,171.44000244140625,-0.00048575043753077004,0.006852561474421805,0.030262962916210525,0.006001482351021319,0.015877671215853175,0.00976670507756732,-0.0034936034845902226
2024-08-22,224.52999877929688,176.1300048828125,82.95999908447266,195.9600067138672,531.9299926757812,210.66000366210938,166.44000244140625,-0.008293996262630655,-0.02234539227075752,-0.006847281268362736,-0.006358593834440258,-0.00605382945542062,-0.05813634375381778,-0.029598466622781604
2024-08-23,226.83999633789062,177.0399932861328,85.41000366210938,196.10000610351562,528.0,220.32000732421875,171.27999877929688,0.010235583894402078,0.005153271352930898,0.02910467994937361,0.000714173295016072,-0.007415604261605045,0.044835591431516886,0.028664738371355577
2024-08-26,227.17999267578125,175.5,81.76000213623047,197.97999572753906,521.1199951171875,213.2100067138672,169.07000732421875,0.0014977155617510516,-0.008736614913990125,-0.0436750802514196,0.009541229584589594,-0.013115951548180975,-0.032803441227522996,-0.01298676348497933
2024-08-27,228.02999877929688,173.1199951171875,81.44999694824219,198.72999572753906,519.0999755859375,209.2100067138672,170.5500030517578,0.003734571329243349,-0.013654075452589952,-0.003798855003271535,0.0037811041299749995,-0.003883836356419139,-0.018939062709292416,0.0087156530887768
2024-08-28,226.49000549316406,170.8000030517578,79.62000274658203,198.4600067138672,516.780029296875,205.75,169.1999969482422,-0.00677637580128301,-0.013491668231426824,-0.022723945511883347,-0.0013594957254501974,-0.004479187081332094,-0.01667672472989858,-0.007947097622550975
2024-08-29,229.7899932861328,172.1199951171875,81.0199966430664,198.89999389648438,518.219970703125,206.27999877929688,169.14999389648438,0.014465001057921761,0.007698580379841969,0.01743064427284687,0.0022145528576525014,0.0027824972662549704,0.0025726237078790366,-0.0002955699924626022
2024-08-30,229.0,178.5,83.33999633789062,202.1300048828125,521.3099975585938,214.11000061035156,171.6999969482422,-0.003443815595201171,0.036396721617948,0.028232585711359837,0.01610892374212597,0.005945063732474557,0.03725544123667223,0.014962890986384368
2024-09-03,222.77000427246094,176.25,82.2699966430664,201.27999877929688,511.760009765625,210.60000610351562,160.49000549316406,-0.02758213529865879,-0.012685159527315687,-0.012922101675531521,-0.004214111468324719,-0.01848908549474558,-0.016529275820300126,-0.06751708056913285
2024-09-04,220.85000610351562,173.3300018310547,82.47000122070312,204.11000061035156,512.739990234375,219.41000366210938,160.8699951171875,-0.008656102576570223,-0.016706139175178974,0.0024281252700701786,0.013962099748884094,0.001913090810419171,0.040981513663141275,0.002364885489161864
2024-09-05,222.3800048828125,177.88999938964844,82.43000030517578,202.58999633789062,516.8599853515625,230.1699981689453,163.6999969482422,0.006903886553158933,0.025968075788917713,-0.0004851536196701421,-0.007474853017854905,0.008003141424681674,0.047876016035803666,0.017438910685027998
2024-09-06,220.82000732421875,171.38999938964844,81.18000030517578,200.74000549316406,500.2699890136719,210.72999572753906,156.82000732421875,-0.00703972905290311,-0.03722372046282126,-0.015280536857377784,-0.009173648428178008,-0.032624085745553304,-0.08824048544582774,-0.04293676822731146
2024-09-09,220.91000366210938,175.39999389648438,81.44000244140625,203.52999877929688,504.7900085449219,216.27000427246094,162.77999877929688,0.00040747215220846114,0.023127387297091972,0.003197667610186839,0.01380284241690544,0.008994587418928317,0.025949973905266994,0.03730089089240123
2024-09-10,220.11000061035156,179.5500030517578,83.80000305175781,205.32000732421875,504.7900085449219,226.1699981689453,162.42999267578125,-0.0036279711645236202,0.02338469252840609,0.028566461125007644,0.008756365197183936,0.0,0.044759273955983725,-0.002152493760033613
2024-09-11,222.66000366210938,184.52000427246094,84.80999755859375,209.88999938964844,511.8299865722656,228.1300048828125,170.22999572753906,0.01151853658070104,0.02730414417528586,0.011980387681640434,0.022013807685250752,0.013849994287383769,0.008628742512625562,0.0469033440885481
2024-09-12,222.77000427246094,187.0,85.48999786376953,211.61000061035156,525.5999755859375,229.80999755859375,171.42999267578125,0.0004939075079283785,0.013350735010507195,0.00798595346323298,0.00816137968143729,0.026547908300336213,0.007337206636805016,0.007024538566823435
2024-09-13,222.5,186.49000549316406,84.69000244140625,214.7899932861328,524.6199951171875,230.2899932861328,172.5,-0.0012127666492859454,-0.002730969055689944,-0.00940182528899826,0.01491581462734846,-0.0018662390366102626,0.0020864851607279924,0.006222259176278944
2024-09-16,216.32000732421875,184.88999938964844,83.5999984741211,217.16000366210938,533.280029296875,226.77999877929688,169.0800018310547,-0.02816827489343649,-0.008616597457795744,-0.01295405792255372,0.010973650542544868,0.016372487812663625,-0.0153589759450266,-0.02002524994330863
2024-09-17,216.7899932861328,186.8800048828125,84.69999694824219,214.1300048828125,536.3200073242188,227.8699951171875,167.35000610351562,0.0021702853581153196,0.010705675426824473,0.013072063789293795,-0.014051095879742528,0.005684342013535282,0.004794890315022082,-0.010284522399210513
2024-09-18,220.69000244140625,186.42999267578125,84.41999816894531,214.94000244140625,537.9500122070312,227.1999969482422,167.27999877929688,0.01782990085169955,-0.002410931547252041,-0.00331124696327812,0.003775600750401132,0.003034630221578375,-0.0029445960609886415,-0.00041841630588161205
2024-09-19,228.8699951171875,189.8699951171875,88.48999786376953,213.88999938964844,559.0999755859375,243.9199981689453,176.22000122070312,0.036395122513137555,0.018283807518041345,0.04708520847380194,-0.0048970694477647675,0.03856266263420382,0.07100962175825201,0.05206417354272421
2024-09-20,228.1999969482422,191.60000610351562,88.29000091552734,217.6999969482422,561.3499755859375,238.25,174.0800018310547,-0.0029317113810075224,0.009070295653554553,-0.002262665855294895,0.017656092898531355,0.0040162490472135225,-0.023519752638904136,-0.012218247179693435
2024-09-23,226.47000122070312,193.8800048828125,90.08999633789062,220.5,564.4099731445312,250.0,174.75999450683594,-0.0076099328450285,0.011829538769620484,0.020182268730854592,0.012779740664579178,0.005436336757659538,0.048140375327935025,0.0038985984645736695
2024-09-24,227.3699951171875,193.9600067138672,97.19000244140625,220.97000122070312,563.3300170898438,254.27000427246094,181.97000122070312,0.00396613380708865,0.00041255068996117736,0.07585872062141842,0.0021292563344062474,-0.0019152577618333957,0.016935793509053217,0.040428272382799064
2024-09-25,226.3699951171875,192.52999877929688,95.45999908447266,221.22999572753906,568.3099975585938,257.0199890136719,182.35000610351562,-0.004407817871880573,-0.007400007450933529,-0.017960548648251872,0.00117591378828441,0.008801407783397955,0.010757148762662457,0.002086105692703529
2024-09-26,227.52000427246094,191.16000366210938,105.06999969482422,223.42999267578125,567.8400268554688,254.22000122070312,186.8300018310547,0.005067358248290247,-0.007141186533660476,0.0959194898091246,0.009895268100982384,-0.0008273040000551068,-0.010953821465680538,0.024271171546271383
2024-09-27,227.7899932861328,187.97000122070312,107.33000183105469,220.83999633789062,567.3599853515625,260.4599914550781,177.97000122070312,0.001185957026045604,-0.0168284107446147,0.0212814257572942,-0.011659692277366313,-0.0008457391250136057,0.024249227064234113,-0.04858411865145903
2024-09-30,233.0,186.3300018310547,106.12000274658203,221.0800018310547,572.4400024414062,261.6300048828125,173.6699981689453,0.02261433114638181,-0.008763077056375612,-0.011337662402088772,0.0010861944141719346,0.008913933640338387,0.004482044837533062,-0.024458067405208818
2024-10-01,226.2100067138672,185.1300048828125,112.73999786376953,219.35000610351562,576.469970703125,258.0199890136719,172.07000732421875,-0.029574652516158477,-0.006460997690134298,0.06051370855374686,-0.00785597980969229,0.007015318665013354,-0.013894251852425751,-0.0092555228853148
2024-10-02,226.77999877929688,184.75999450683594,115.25,219.72999572753906,572.8099975585938,249.02000427246094,175.8000030517578,0.0025165781113880795,-0.002000651545077023,0.02201941817162132,0.0017308450273480875,-0.006369180040154015,-0.03550382703625727,0.021445589279926573
2024-10-03,225.6699981689453,181.9600067138672,112.83999633789062,222.72000122070312,582.77001953125,240.66000366210938,179.47999572753906,-0.004906632090970836,-0.015270736231762942,-0.021132828196962983,0.01351588216190655,0.01723856154332893,-0.03414806745440706,0.020716754692783328
2024-10-04,226.8000030517578,186.50999450683594,114.52999877929688,226.0,595.9400024414062,250.0800018310547,181.16000366210938,0.004994838239359782,0.024697907897679776,0.014865933071459931,0.01461961664534422,0.022347364077687025,0.03839570976808335,0.009316881599672706
2024-10-07,221.69000244140625,180.8000030517578,117.5199966430664,227.1199951171875,584.780029296875,240.8300018310547,184.50999450683594,-0.022788564690753913,-0.031093362659704415,0.025771716549581096,0.00494349139360735,-0.01890423673015214,-0.03768957599969925,0.018322993879365174
2024-10-08,225.77000427246094,182.72000122070312,109.68000030517578,228.6199951171875,592.8900146484375,244.5,186.0500030517578,0.018236780255269272,0.010563468311108654,-0.06904146526435737,0.006582724573972751,0.013773150803980866,0.015124010919583781,0.008311838413364858
2024-10-09,229.5399932861328,185.1699981689453,107.88999938964844,234.3000030517578,590.510009765625,241.0500030517578,187.13999938964844,0.016560476129461984,0.013319379012842232,-0.016454854130395154,0.024541143298885234,-0.004022322194638579,-0.014210915403026646,0.005841525390774531
2024-10-10,229.0399932861328,186.64999389648438,109.27999877929688,233.02000427246094,583.8300170898438,238.77000427246094,185.77999877929688,-0.0021806455265144815,0.00796086049904925,0.012801200745979763,-0.005478053411787978,-0.011376712999517398,-0.009503630132407154,-0.007293825197613613
2024-10-11,227.5500030517578,188.82000732421875,110.13999938964844,233.25999450683594,589.9500122070312,217.8000030517578,190.80999755859375,-0.0065266236027587245,0.01155904643352474,0.007838893640674605,0.0010293825864073746,0.010427934404429936,-0.09192353886888906,0.026714984358607655
2024-10-14,231.3000030517578,187.5399932861328,107.80999755859375,235.25999450683594,590.4199829101562,219.16000366210938,192.2100067138672,0.01634557455730779,-0.006802098901968148,-0.021381882387164108,0.008537574469591537,0.0007963108684626708,0.006224848869363662,0.0073104035016023205
2024-10-15,233.85000610351562,187.69000244140625,101.83999633789062,232.9600067138672,586.27001953125,219.57000732421875,187.1300048828125,0.010964327840694609,0.0007995584839864811,-0.05696747761586331,-0.009824468354813076,-0.007053651474425829,0.0018690482583788197,-0.02678497066603899
2024-10-16,231.77999877929688,186.88999938964844,102.16999816894531,233.6699981689453,576.7899780273438,221.3300018310547,187.47999572753906,-0.008891269632426495,-0.0042714734594326426,0.0032351563919745456,0.003043061935746879,-0.016302256937775973,0.007983687088569507,0.0018685616827619832
2024-10-17,232.14999389648438,187.52999877929688,100.06999969482422,232.8800048828125,576.9299926757812,220.88999938964844,205.83999633789062,0.001595047535072642,0.003418620886077508,-0.020768136628943338,-0.0033865353594530506,0.00024271860187961294,-0.0019899714413276278,0.09342699991682438
2024-10-18,235.0,188.99000549316406,102.43000030517578,232.1999969482422,576.469970703125,220.6999969482422,200.77999877929688,0.012201825969486848,0.007755306570388279,0.023309703375060872,-0.00292426428345035,-0.0007976799231049518,-0.0008605378505268966,-0.02488937499886424
2024-10-21,236.47999572753906,189.07000732421875,100.91000366210938,231.75,575.1599731445312,218.85000610351562,201.9499969482422,0.00627810554877605,0.0004232229251258213,-0.014950574660518846,-0.0019398516750280255,-0.00227503310523174,-0.008417707909120813,0.005810351714393224
2024-10-22,235.86000061035156,189.6999969482422,100.45999908447266,232.25,582.010009765625,217.97000122070312,198.47999572753906,-0.0026252084433404338,0.0033265052557146266,-0.00446943755873721,0.002155173247983412,0.011839430226178163,-0.004029147285192923,-0.017331809040325576
2024-10-23,230.75999450683594,184.7100067138672,98.0,232.75,563.6900024414062,213.64999389648438,200.86000061035156,-0.021860225665569295,-0.026656796914304174,-0.024792150537974685,0.002150538463228565,-0.03198318716484525,-0.020018310718538105,0.011919833146240575
2024-10-24,230.57000732421875,186.3800048828125,96.36000061035156,218.38999938964844,567.780029296875,260.4800109863281,197.92999267578125,-0.0008236498497982146,0.009000562616286057,-0.016876294589825314,-0.06368246367527365,0.007229612018484109,0.19818699146920774,-0.014694755175327373
2024-10-25,231.41000366210938,187.8300018310547,97.41999816894531,214.6699981689453,573.25,269.19000244140625,203.44000244140625,0.0036365091285524955,0.00774968161813032,0.010940325502179904,-0.017180495745531155,0.009587850390827931,0.032891334056112616,0.027457737285927642
2024-10-28,233.39999389648438,188.38999938964844,99.93000030517578,212.91000366210938,578.1599731445312,262.510009765625,194.67999267578125,0.008562648839223188,0.0029769707636567114,0.025438434344667017,-0.00823239833110104,0.008528678786820006,-0.02512824530239814,-0.04401398577106645
2024-10-29,233.6699981689453,190.8300018310547,99.83000183105469,210.42999267578125,593.280029296875,259.5199890136719,196.94000244140625,0.0011561620618932833,0.01286871001658346,-0.0010011862375320837,-0.011716536960701969,0.025815911793794798,-0.01145548515134625,0.011541978872938487
2024-10-30,230.10000610351562,192.72999572753906,98.69999694824219,204.89999389648438,591.7999877929688,257.54998779296875,194.47999572753906,-0.015395832197084486,0.009907234588807736,-0.011383842170158047,-0.026630995987492596,-0.0024977929794735127,-0.007619899978935549,-0.012569818177128135
2024-10-31,225.91000366210938,186.39999389648438,97.9800033569336,206.72000122070312,567.5800170898438,249.85000610351562,190.5399932861328,-0.01837731748720145,-0.03339535403553647,-0.00732150504805869,0.008843201042265054,-0.04178698064580357,-0.03035306639591626,-0.020467196996594578
2024-11-01,222.91000366210938,197.92999267578125,97.58000183105469,208.25,567.1599731445312,248.97999572753906,192.9499969482422,-0.013368587098123715,0.060018526321249224,-0.004090837319502278,0.007374054547610887,-0.0007403351747762369,-0.0034882074251496174,0.012568961124679473
2024-11-04,222.00999450683594,195.77999877929688,98.4000015258789,206.32000732421875,560.6799926757812,242.83999633789062,191.55999755859375,-0.004045717821527494,-0.01092182223034851,0.008368246412764693,-0.009310883974547959,-0.011491083786818242,-0.02496977961188894,-0.007230009437769501
2024-11-05,223.4499969482422,199.5,99.20999908447266,207.57000732421875,572.4299926757812,251.44000244140625,195.75999450683594,0.006465260562048703,0.018822662731709527,0.008197986868527907,0.006040270391960981,0.020740124683643186,0.03480162701711456,0.021688328344164606
2024-11-06,222.72000122070312,207.08999633789062,96.7300033569336,213.60000610351562,572.0499877929688,288.5299987792969,193.22000122070312,-0.00327227909506605,0.03733922736991443,-0.02531517953501792,0.028636468196185837,-0.0006640656075460623,0.13759466024737685,-0.013059948666659868
2024-11-07,227.47999572753906,210.0500030517578,100.13999938964844,213.69000244140625,591.7000122070312,296.9100036621094,201.19000244140625,0.02114692102995776,0.014192148444279072,0.03464557390819896,0.0004212424228120872,0.03377339150523385,0.028630012464395397,0.0404203049289251
2024-11-08,226.9600067138672,208.17999267578125,94.19000244140625,213.72000122070312,589.3400268554688,321.2200012207031,201.1999969482422,-0.0022884835745839356,-0.008942557238934116,-0.06125515605207528,0.00014037471790141493,-0.003996458061679286,0.07869717552417867,4.9675721827927584e-05
2024-11-11,224.22999572753906,206.83999633789062,95.41999816894531,213.57000732421875,583.1699829101562,350.0,194.0500030517578,-0.012101528350798448,-0.006457525082191786,0.012974136143797492,-0.0007020707231427689,-0.010524602514358461,0.08580690404849912,-0.036183549516229374
2024-11-12,224.22999572753906,208.91000366210938,91.77999877929688,210.86000061035156,584.8200073242188,328.489990234375,191.77000427246094,0.0,0.009958024917575062,-0.03889378523216833,-0.012770273034735635,0.002825410364008733,-0.06342678815128278,-0.01181911397705908
2024-11-13,225.1199951171875,214.10000610351562,92.0,210.9199981689453,580.0,330.239990234375,186.66000366210938,0.0039612799447406415,0.024539669362855586,0.002394181382670229,0.0002844969376076281,-0.008276016560594103,0.005313266949669512,-0.027007959807768947
2024-11-14,228.22000122070312,211.47999572753906,90.58000183105469,208.99000549316406,577.1599731445312,311.17999267578125,188.5,0.013676509679075834,-0.012312812938838414,-0.015555118706193694,-0.00919247576649439,-0.004908625641781855,-0.059448133931949705,0.009809207131321312
2024-11-15,225.0,202.61000061035156,88.58999633789062,204.99000549316406,554.0800170898438,320.7200012207031,186.00999450683594,-0.014209679150913371,-0.04284745921407266,-0.02221451525663515,-0.01932520595647313,-0.040810366400932455,0.030196972790488486,-0.013297600710758873
2024-11-18,228.02000427246094,201.6999969482422,89.3499984741211,208.08999633789062,554.4000244140625,338.739990234375,187.47999572753906,0.013332960938373547,-0.004501522120521847,0.008542281441677423,0.015009436567982036,0.0005773804148510413,0.054664350493325395,0.00787174408830938
2024-11-19,228.27999877929688,204.61000061035156,87.11000061035156,210.25,561.0900268554688,346.0,189.6699981689453,0.00113957717831945,0.01432430133148399,-0.02538952969041221,0.010326638027049617,0.011994876413447788,0.02120595242401374,0.011613560076717868
2024-11-20,229.0,202.8800048828125,86.7699966430664,214.60000610351562,565.52001953125,342.0299987792969,188.36000061035156,0.003149063233126492,-0.008491035845116046,-0.00391079371980074,0.020478559784899174,0.007864328073446543,-0.01154032611298051,-0.006930681726634017
2024-11-21,228.52000427246094,198.3800048828125,85.58000183105469,222.39999389648438,563.0900268554688,339.6400146484375,191.24000549316406,-0.002098251001754807,-0.022430287385072762,-0.013809268733180722,0.03570167629460518,-0.0043061754386038665,-0.007012172684276001,0.015174183866130737
2024-11-22,229.8699951171875,197.1199951171875,83.12999725341797,222.97000122070312,559.1400146484375,352.55999755859375,190.0800018310547,0.0058901579422149415,-0.00637175235688548,-0.029046017881100172,0.002559703804459122,-0.007039605737116406,0.0373345373484672,-0.006084166674476617
2024-11-25,232.8699951171875,201.4499969482422,85.58000183105469,226.1300048828125,565.1099853515625,338.5899963378906,185.0800018310547,0.012966426482468794,0.021728540914003922,0.029046017881100197,0.01407283799082596,0.010620461317069894,-0.040430888534493496,-0.026656871875240483
2024-11-26,235.05999755859375,207.86000061035156,85.18000030517578,228.8300018310547,573.5399780273438,338.2300109863281,183.83999633789062,0.009360453341228578,0.03132358260823746,-0.004684964306711519,0.011869301065398035,0.014807266452289,-0.001063755153845317,-0.00672237975175832
2024-11-27,234.92999267578125,205.74000549316406,86.58999633789062,226.9199981689453,569.2000122070312,332.8900146484375,181.19000244140625,-0.0005532240636163712,-0.010251516694207487,0.01641762508940431,-0.008381853404042242,-0.007595755331493787,-0.015914020837727676,-0.014519576258051056
2024-11-29,237.3300018310547,207.88999938964844,87.37000274658203,227.41000366210938,574.3200073242188,345.1600036621094,184.66000366210938,0.010164019161860305,0.010395828320660513,0.00896771257902866,0.0021570474376900444,0.00895485735943991,0.03619593916712737,0.01897009825381069
